Gene,Expression_Heart,Expression_Liver,Expression_Brain,Mutations,Mean_Expression
BRCA1,5.2,4.8,6.1,12,5.366666666666667
TP53,3.3,2.9,3.7,8,3.2999999999999994
EGFR,7.1,6.5,8.2,15,7.266666666666666
MYC,4.5,4.1,5.3,10,4.633333333333333
KRAS,2.8,2.5,3.0,6,2.766666666666667
